{
    "key": "group_623b2e4d6da2e",
    "title": "Tags",
    "fields": [
        {
            "key": "field_6295c5ed45cdf",
            "label": "*",
            "name": "",
            "type": "message",
            "instructions": "",
            "required": 0,
            "conditional_logic": 0,
            "wrapper": {
                "width": "",
                "class": "",
                "id": "messagetag"
            },
            "message": "ADD TAGS FOR RELATE THIS POST TO TOPICS",
            "new_lines": "wpautop",
            "esc_html": 0
        },
        {
            "key": "field_623b2e6c39f57",
            "label": "Tags",
            "name": "tags",
            "type": "relationship",
            "instructions": "",
            "required": 0,
            "conditional_logic": 0,
            "wrapper": {
                "width": "",
                "class": "",
                "id": ""
            },
            "post_type": [
                "tag"
            ],
            "taxonomy": "",
            "filters": [
                "search",
                "post_type",
                "taxonomy"
            ],
            "elements": "",
            "min": "",
            "max": "",
            "return_format": "id"
        }
    ],
    "location": [
        [
            {
                "param": "post_type",
                "operator": "==",
                "value": "post"
            }
        ],
        [
            {
                "param": "post_type",
                "operator": "==",
                "value": "podcast"
            }
        ],
        [
            {
                "param": "post_type",
                "operator": "==",
                "value": "show"
            }
        ],
        [
            {
                "param": "post_type",
                "operator": "==",
                "value": "network"
            }
        ]
    ],
    "menu_order": 0,
    "position": "side",
    "style": "seamless",
    "label_placement": "top",
    "instruction_placement": "label",
    "hide_on_screen": "",
    "active": true,
    "description": "",
    "show_in_rest": 1,
    "modified": 1686105205
}