{
    "key": "group_63e881e1477af",
    "title": "Module Settings",
    "fields": [
        {
            "key": "field_63e914800351d",
            "label": "Byline",
            "name": "module_byline",
            "type": "text",
            "instructions": "",
            "required": 1,
            "conditional_logic": 0,
            "wrapper": {
                "width": "",
                "class": "",
                "id": ""
            },
            "default_value": "by Living Corporate",
            "placeholder": "by...",
            "prepend": "",
            "append": "",
            "maxlength": ""
        },
        {
            "key": "field_63e914ac0351e",
            "label": "Audio File Source",
            "name": "module_src",
            "type": "url",
            "instructions": "",
            "required": 1,
            "conditional_logic": 0,
            "wrapper": {
                "width": "",
                "class": "",
                "id": ""
            },
            "default_value": "",
            "placeholder": ""
        },
        {
            "key": "field_63e881e7620ea",
            "label": "Categories",
            "name": "module_categories",
            "type": "text",
            "instructions": "comma separated string of categories (make sure to end with a comma)",
            "required": 0,
            "conditional_logic": 0,
            "wrapper": {
                "width": "",
                "class": "",
                "id": ""
            },
            "default_value": "",
            "placeholder": "cat1, cat2, cat3,",
            "prepend": "",
            "append": "",
            "maxlength": ""
        },
        {
            "key": "field_63e8823523ff7",
            "label": "Tags",
            "name": "module_tags",
            "type": "text",
            "instructions": "pipe separated string of tags (make sure to end with a pipe)",
            "required": 0,
            "conditional_logic": 0,
            "wrapper": {
                "width": "",
                "class": "",
                "id": ""
            },
            "default_value": "",
            "placeholder": "tag1| tag2| tag3|",
            "prepend": "",
            "append": "",
            "maxlength": ""
        },
        {
            "key": "field_63e8826e23ff9",
            "label": "Topics",
            "name": "module_topics",
            "type": "text",
            "instructions": "pipe separated string of topics (make sure to end with a pipe)",
            "required": 0,
            "conditional_logic": 0,
            "wrapper": {
                "width": "",
                "class": "",
                "id": ""
            },
            "default_value": "",
            "placeholder": "topic1| topic2| topic3|",
            "prepend": "",
            "append": "",
            "maxlength": ""
        },
        {
            "key": "field_640559895c3e8",
            "label": "Related",
            "name": "module_related",
            "type": "text",
            "instructions": "pipe separated string of topics (make sure to end with a pipe)",
            "required": 0,
            "conditional_logic": 0,
            "wrapper": {
                "width": "",
                "class": "",
                "id": ""
            },
            "default_value": "",
            "placeholder": "topic1| topic2| topic3|",
            "prepend": "",
            "append": "",
            "maxlength": ""
        },
        {
            "key": "field_64824d8d16a3d",
            "label": "Summary",
            "name": "module_summary",
            "type": "textarea",
            "instructions": "",
            "required": 0,
            "conditional_logic": 0,
            "wrapper": {
                "width": "",
                "class": "",
                "id": ""
            },
            "default_value": "",
            "placeholder": "",
            "maxlength": "",
            "rows": "",
            "new_lines": ""
        },
        {
            "key": "field_64824d9b16a3e",
            "label": "Transcript",
            "name": "module_transcript",
            "type": "wysiwyg",
            "instructions": "",
            "required": 0,
            "conditional_logic": 0,
            "wrapper": {
                "width": "",
                "class": "",
                "id": ""
            },
            "default_value": "",
            "tabs": "all",
            "toolbar": "full",
            "media_upload": 1,
            "delay": 0
        }
    ],
    "location": [
        [
            {
                "param": "post_type",
                "operator": "==",
                "value": "module"
            }
        ]
    ],
    "menu_order": 0,
    "position": "acf_after_title",
    "style": "default",
    "label_placement": "top",
    "instruction_placement": "label",
    "hide_on_screen": "",
    "active": true,
    "description": "",
    "show_in_rest": 0,
    "modified": 1689292282
}