{
    "key": "group_64bb2c616489d",
    "title": "LC Collective Settings",
    "fields": [
        {
            "key": "field_64bb2cda6b3c3",
            "label": "Add to Collective",
            "name": "add_to_collective",
            "type": "true_false",
            "instructions": "This content will only be shown in the LC collective",
            "required": 0,
            "conditional_logic": 0,
            "wrapper": {
                "width": "",
                "class": "",
                "id": ""
            },
            "message": "",
            "default_value": 0,
            "ui": 0,
            "ui_on_text": "",
            "ui_off_text": ""
        }
    ],
    "location": [
        [
            {
                "param": "post_type",
                "operator": "==",
                "value": "post"
            }
        ],
        [
            {
                "param": "post_type",
                "operator": "==",
                "value": "podcast"
            }
        ],
        [
            {
                "param": "post_type",
                "operator": "==",
                "value": "show"
            }
        ],
        [
            {
                "param": "post_type",
                "operator": "==",
                "value": "network"
            }
        ]
    ],
    "menu_order": 0,
    "position": "side",
    "style": "default",
    "label_placement": "top",
    "instruction_placement": "label",
    "hide_on_screen": "",
    "active": true,
    "description": "",
    "show_in_rest": 1,
    "modified": 1690049758
}